{
  "metrics": {
    "train_accuracy": [
      0.004464285714285714,
      0.0,
      0.004464285714285714
    ],
    "train_macro_precision": [
      0.0003125,
      0.0,
      0.0004310344827586207
    ],
    "train_macro_recall": [
      0.004166666666666667,
      0.0,
      0.004166666666666667
    ],
    "train_macro_f1": [
      0.0005813953488372093,
      0.0,
      0.00078125
    ],
    "train_weighted_f1": [
      0.0006229235880398671,
      0.0,
      0.0008370535714285714
    ],
    "train_avg_loss": [
      14.383020401000977,
      12.344667570931572,
      10.77445479801723
    ],
    "train_loss": [
      14.383020401000977,
      12.344667570931572,
      10.77445479801723
    ],
    "val_loss": [
      4.386251449584961,
      4.380934357643127,
      4.381903171539307
    ],
    "val_accuracy": [
      0.020833333333333332,
      0.004166666666666667,
      0.008333333333333333
    ],
    "val_macro_f1": [
      0.008603792203299208,
      0.0019230769230769232,
      0.010416666666666666
    ],
    "val_top5_accuracy": [
      0.05416666666666667,
      0.0375,
      0.058333333333333334
    ]
  },
  "epoch_times": [
    65.15723443031311,
    86.572270154953,
    125.67807912826538
  ]
}